001-2026-09-29.sql	d728b137b6c02843cfc043707214036cb9bd0d8d969c70cc19c962b71064b01f
001-2026-10-02-2.sql	203beb5af8da54f476b6ea1c1723f4cfa95c7ab81d889bc667a99ccd4b685d6c
001-2026-10-02.sql	a16b2f7dfb9e9e0640515b9aa67c1ce9405bc84df2f83920e1f4e2343f04e1a3
002-2026-09-29.sql	5ea165e613d79badcf03165e634de0c8f0ea5b4890c292a8d443751a981004be
002-2026-10-02.sql	ce765637cc97b01ca080ca065ea02e229c6ee3ebce8bc3535537c929d3b457e0
003-2026-09-29.sql	f755da10214325b713997a64474d75c913be921d2b31d04e442b94f51b05d8fd
003-2026-10-01.sql	5584782a029ad1134be387b1af5c46bb5691c483d79fb6f551e50f302738e8e2
003-2026-10-02.sql	a62c61b95486edf365f8b745431d497232c6fd5b4bcab1e41317d2509826be87
004-2026-09-29.sql	880b949d7f37c8f8e17fe5b1fcb92c01a8ed08d4b259aa3e65d1309481b2ee87
004-2026-10-01-2.sql	9e37de9a76fccac3418280f4197820ee2385e82791db3e79075c9be0b14f49de
004-2026-10-01.sql	18f92bd7f4c76127509d0d469aa54f1621919cd8c100ccc62130f4866a736cd4
004-2026-10-02-2.sql	4f491df4f0774821c4dd00f4688ae4b5f120ed3bdc6ab487282d1389f16aae84
004-2026-10-02-3.sql	14c756140a629e7ad94deb3485cb63a0cc90bd70c038b3416cee33648ed7fd8b
004-2026-10-02.sql	d40f2bd035f081717ad155247cae2af9b94b7c46b04bda23cca80e8facafa44b
005-2026-09-29.sql	d26836e526ba7c6115ebe69d2521399e44ec350f365a07f91c1fb921d273af12
005-2026-10-01.sql	418cd1d21c16c20b51e18599a6a8cdfccb8ae76ab50c4ff9a95f91bafb8fcd44
006-2026-09-29.sql	107f08f26a549989ddc5781056bec040b6148e0abe413de38513d8b7fab3c8c0
007-2026-09-29.sql	0561d34582cbfdf191df9ce40907b95ff10498507becaa5b81992043b77e28eb
008+009-2026-09-29.sql	08e544f181c1b8bee937f4b007c77638f8b5cc10ef658d983d687a45695d92bc
008-2026-10-02-2.sql	38a7b1961cc46cc4a3ed011647f88d31d8620d98fe8502a291b6b13f2633588b
008-2026-10-02.sql	32ef4198bced7ab76aa46af60412688f73f02fffe124861c46c65b9cb1b0b761
009-2026-10-02-2.sql	cb7cd2b0ac5bb0da68b669bebaf096ef0cc4b259952416e63beed254c212c136
009-2026-10-02.sql	a04ad439058f281757b9117bb6af19163b9c2f1dc8a55d327ce9a6c58e0eb280
010-2026-09-29.sql	a9b2325f540756e350700914bc06c05ca5d0cf541bbe18c11a1718d84ca8acd0
010-2026-10-02.sql	aa5e8f88370639643b3b32e83d122e66df2149bad173c8ba7710b4b89c793722
011+012-2026-09-29.sql	0f216c35181c77d7701b5cfa93faa3c87b0e622e48b7e27425e6003c296a851d
011-2026-10-02.sql	ffaccc96a6a8a12ac096e33f592ee523e1dd5996beced7ecb7b5a529e8c7209a
012-2026-10-02-2.sql	cb48d096346048deb005d944a0e2be411e73f13a9ef09b3f4438aeab7f308b0c
012-2026-10-02.sql	a0973c119493b4718658cdf61e4fa85c2e767dff51e2f0a73cc6b32c018e5757
013-2026-09-29.sql	9542847df7f2724e638bdfe62b21d816de6e6a6da741aa031c13b22b71a6fca7
013-2026-10-02-2.sql	6ebdd1d42c014dd8cca9aa76a7ed12bbb234c1e5d95400c67553fa5cd0ec5223
013-2026-10-02.sql	39d8ec2b76ccafb718da7edba893c548e3d6685875249ce96d24574743f11c98
014-2026-09-29.sql	0d23a28c001d34a8e6fc34cdf50cb56de57ec48d997912230ed0f23693539ccc
014-2026-10-02-2.sql	747adfa2008c171625839e394925d257543b06453fbf2c427d28176b705bd219
014-2026-10-02.sql	12a92faa9c4aa7eaa23ea14f2d7ee9425f82a8fbdd79244d306e7793c767a304
015+016+017+018+019+020+021+022+023+024+025+026+027+028+029+030-2026-09-28.sql	aba1b2a1ffa8d4b042b6809104fef93fd02a0fe051cd79196f47d03d81d07ef5
015+048+050+059+067+068+071+090+091+097-2026-09-29.sql	ca8c3486db339a86cc378e83861c920cfa0d0dbf7c3095eec754ce2703ee9147
015-2026-10-01.sql	bea5200f331e4e8f5d2eeaf88232ec07305318496a7d0783c42a3cb756a46d78
016-2026-10-01-2.sql	49f2bbc358b0c9eb4053ccd88c45d11d3d7c556814e86e90e03a9a15b9e852b6
016-2026-10-01.sql	595e628f40a5d10638f4752fc0c0a642eaf6f0e68cdb6cc72f715baf1f63be9e
016-2026-10-02-2.sql	fa8dbb887f88652e67c474e97d332ecb6ff5982df1f3cf2c0e594a0f20bd1fd6
016-2026-10-02.sql	d020090ddb9a549c00768c5c83765086d80b83d0b81d1630431ccc55129d8320
018-2026-09-29.sql	44cb6269c020acf60ec836235e63b6f34d619893ac960b17480d89a1d5ba2871
018-2026-10-01.sql	c6fd0a74c7264135afe5f1f4ddae8681b4591f8a9842dbd8dd54e2b71e97590e
019-2026-10-01.sql	370ec1af3ec7ae29accd8e3c10dd750ff3ad491040c9c121c9873cdce11a8021
019-2026-10-02-2.sql	fdc531d09b80b63ae7320a3306ed061c081fe2e5d4c0e111d55685fbb1dbc134
019-2026-10-02.sql	ee77b9e9b6bfadc3646a3f72b60752af2da63f1b502fccc656fabf816d026e03
020-2026-10-02-2.sql	a6a75e84c83102f23cf20e9f7a6be87193b5269f5b6b6de7f57fd0b0e4739215
020-2026-10-02.sql	096bcad897ab6e52c2c0db79bcc7acdc40847a43314cfc64ede83cb113cd5a91
021-2026-10-01.sql	145a62d4b6e68a098ce130955e2617b52b7efbf74d369e4bddeb899a5d923a05
022-2026-10-02.sql	3c05097f6331947452d5490e1e0d5b4c560d45992dde170e0dd3f1b2b9671233
023-2026-10-02.sql	a10bf522347633e439af57ffd0f2bd01eef8d2fed87422029012f8efa2c53221
027-2026-10-02.sql	372fd55207a707b35d0d781a15a744b76a1626d1c3e1ca3d80aacbf9c25a7dbd
028-2026-10-02.sql	0cde694f1b5468ba8b7e6bcd23f6fb16ccb8bc6f5930bd12ca2dd81c2c615b16
029-2026-10-02.sql	b2d156719c7fd1da7846fb3a3a054afe1944e8cebc69ee73872323e489e1a883
030-2026-10-01.sql	60a6cc1afabb1ae15a8f3b2b1a53ff14ad499c46ed106ec0ae01b99b7f2ffd4e
031+032+033+034+035+036+037+038+039+040+041+042+043+044-2026-09-29.sql	93d75cf3f689d8e03c5213376b9259580ca7577d08a0e49bf6ffc1b015272897
031-2026-10-01.sql	e8dc76f525de93469179cc981fe9a2937db21b6da05d10ef494766932283604e
033-2026-10-01.sql	79aabd74668d7fec586a6133744cb6e4e87ab0b5e5174a0d2e53c0e2e3f05e69
033-2026-10-02.sql	1060fe293335bff50832b9b169b19f8c25281e177b08219f9921634c910e4f1a
034-2026-10-02.sql	e989e3bdf9192ed011537fd19e9b84d36b6ed967fddab830044552f7ef06daf1
035-2026-10-02.sql	b1b76ea84f05b5d243a7694984c3dc33fa28ac1f69556f237330e95d8141847c
037-2026-10-02.sql	3ebfa6d8d4338c4f9406560d899d10d436407240b778bf0faabe388bba8598cb
038-2026-10-02.sql	9ebd8a415a16d7e02469f22cca9c6a9991ef5b748256de26bce3f2b3713e1dfe
039-2026-10-01.sql	e9ec7f5caf0868867cbe9b5867db806011fa30dc318f08801772aca81366d204
039-2026-10-02.sql	1268fbf0ea6d571c6cc7228b6c391e732643cda22f5cbb6ce4657d49d5bf5157
040-2026-10-02.sql	89da66a4dc1b0a2be4e04e72150989915c3a20cb2dadfba1f85ad52361149bee
041-2026-10-02.sql	82a50266b01743b12b29f5d47cba6fb175398a3a819e7d0dfd04294cde61c3c8
042-2026-10-02.sql	493c770451ef61f3f92f72764818db80bfd77ccfaacbf1cf16689bee188a2074
043-2026-10-01.sql	d4b266851ac26de90ef78b29e26de7eea577568182ddf83002f228cba3120e24
043-2026-10-02.sql	d20790f7985966d4d91f5615efa45db3675b63013d5ae733c151ca3d908708d1
044-2026-10-01.sql	b1a545ef6d5afe4ae7f11bd938fdd6d39687e2a46ff25bb04ed83fca6a27dd97
044-2026-10-02.sql	947eb087e1f873bf131fd30ed0b897c7738447f22f18479e34e0961822902e8f
045+046+047+048+049+050+051+052-2026-09-28.sql	19bcaf74b091a98ffe523facb4fb17ba26d541e1b7138cb3f8ecffcdbfb4aa3c
045-2026-10-02.sql	d2ecb2271b37b8f03172bb8f35e91e0cb49894bfd913fd3bada574cdfc37efd4
046-2026-10-02.sql	f0b7aa6f5d2670a81df59db27f8b20a9813f3b6b69e7646bbe054ddae907b9a0
050-2026-10-01.sql	e3c7e5089cdf9688630e49b8062394a87f3327c4b7c255421f9b5be041823e7b
051-2026-10-02.sql	dc6ce6d7390569b106d9289638b25dd9af24b89a55ece39f78724fa15cad6686
053+054+055+056+057+058+059-2026-09-28.sql	0a58185359f994f7a04d2237742b911af1241e2ba034156f2c10176826d83118
053-2026-09-29.sql	b165058de19a2e3fb83b9d06807c22fcca251f74b04bb399709f1fe1e9f597d1
053-2026-10-02.sql	582763fb8e98a5e53b48d91beed3d2ccec96cffedf6c7de252095e4b71b86aaf
054-2026-10-01.sql	f6d0dffca24d74e97b6b5af939f18bc2053f6c3a900422482bbb429083da3359
054-2026-10-02.sql	eba917b0bb7facd98aeaa165e14367c64680a6602a1d2fe7a5a80a2368fd1986
055-2026-09-30.sql	b7acece6f54b83ca4f77326f58a02433ee3a59dc4db79e38f4da663db5f0c038
055-2026-10-01.sql	292f376df79e925285e03c68b9c3e2861aec7c010932588da727fad545ce32ed
059-2026-10-02.sql	9753af81c66969cfce04ea13d7b434a637ac7b8ef30e2ae1a2bbd4f17b56c616
060-2026-09-29.sql	bcdcf792d27fd376a747f4316fbe0be40e2f770d122bee5352f470c87b92fee5
060-2026-10-02.sql	c9227f3479d481dc8530adabcbef2314b0763101d2e9abbe8d50ad644c18d663
061-2026-09-29.sql	e544ef5c227b346fc7241bfabe16a0a3024c79b1ed1d5b06a8affb68bfdd873e
062-2026-09-29.sql	ac7bca967911fa410dbabd6fe1dbae251f710a38520aa85be48ff1959983fd61
062-2026-10-02-2.sql	031c30a42bf4dfaff8c426667817a9ab0d4f6ac5c46e9a33f50c9955b65f3e95
062-2026-10-02.sql	b307a4d38926d499fdba5a3582d7cf3d58f84c323d73cb1628838410dc0e5043
063-2026-09-29.sql	95f4d0a41be48ade5ab65638d34affb6c87cedd7f05d1f6107ea11f5ed6aa177
063-2026-10-02.sql	d6fdc5e88cae5f6cdbde9beacb25425966b902b0ff3ae14c1b101e6d97f1810c
064-2026-09-29.sql	02b24237e71edca7fa24570dbf4c683fa59d04868f9defff4b0d38b91d08bbb6
065+066+067-2026-09-28.sql	a9b1cff4893b739d2c764a6d531063151b2cb5f4a0f686d956f3698578976850
065-2026-10-01.sql	545b3ba4a117174393462b4deb45791bed2bea965b6fe7f61c1720da26f01438
066-2026-10-01.sql	499545257257472f13462984d66151d595e40b91f6167967055205b1c8a0677d
067-2026-10-01.sql	f900c7910ab778830e11429a1472d8ddb1a38d741e8334017fce9334f66187bb
067-2026-10-02.sql	b7817ec2c442ef69b1f13f5ad4b68f9f04acd2414b93079570206054d9b98620
068-2026-09-27.sql	b0efb39fdf0f3be3d5a2258f8bc6575d6a71af1f5f2908d52231bf79ae2a71c1
068-2026-09-28.sql	5869bb14be0d2d581629cf608e1a46ec238b4201c0ac94ee28aefe30e03882ef
068-2026-10-02.sql	0531621ac6d9d69b3d3aee36064331f240878a8812307d8d986132cee5b40dca
069+070+071+072+073+074-2026-09-28.sql	89e4377bec75a5cc5914ced70d04b7bdf408ebc764852a661c1d3e56ccdb8c49
069-2026-09-29.sql	8ea4d1c71a2dbf4c5151a477e8de03036e1d5d8a1290ecfc519d726f25d001b5
069-2026-10-02.sql	88de07f2759c2915bbc3228481d2a9da0919d5947c4da1b1597533495aad89fb
070-2026-10-01.sql	fe47a889e97f8e075d2038e70d682d4034f675f6d233c2da2206d53c1c6c5907
071-2026-10-02.sql	ebcc384ec8b187c346c66814984c0c16e5bf284382f5df9cb7d2e5566503cd61
072-2026-10-02.sql	e083ded05a4c8ee7f2029d57728278aba3e750ce26a1f1f2a60694db770c4fa3
073-2026-10-02.sql	08e21a477582b1d8283301959ca9e6c8d9721472a21819f3815b2301b3f7bf92
074-2026-09-29.sql	f5b949696c4c5712c39adc84979f1456b3a927271303a134e5146f1e6d8d5656
075+076+077+078+079+080-2026-09-29.sql	b2b7bab4925aeff10e3052a75df977d3fad8893dd2798bd30d9d0caac6c1c9c4
077-2026-10-01.sql	524fb2e5588988a41ddf217696c817674933e7f42715af7e866f6e080dfc08a1
078-2026-10-01-2.sql	bd227cfdbec5cba3093ce93cda4523efad2de9fc950891280e91faec1bfcf101
078-2026-10-01.sql	6a0d4e193efd2641599f8434c3009237979e0bcde52db3e24070f7f536415860
079-2026-10-01-2.sql	6cf611513d86e8cf3a9eb381b768fbef26a6dfdc324dc29cd3c00dea28780aed
079-2026-10-01.sql	447a404e5c02adb5a2961dc28ffa71f43bbccab734d97f3843cad9a9796b2c0d
080-2026-10-01.sql	8b15b08e1c51a085ba98a8baa1f75ec775e14741917cf29eaf832541a479f960
081-2026-09-29.sql	4ebc4c2870b164c5f8c13e4ecedf0a515e3ca8929f1524a3e1b2206583a64d9c
081-2026-10-01.sql	715c69c4f58562aa3c592d503a50ce2d78c0a37f3e504262e9e7bf25043dc7bb
081-2026-10-02-2.sql	8d6092f4b7be3fbbe3535e23f5378770fa921c8cf51b59ec5df0b5d1da3f3dca
081-2026-10-02.sql	2300a48183fbabcd2dfa0810f7e7629360d69f188978f0f8ddc541f8a4416136
082-2026-09-29.sql	e72e1e65a3ceda3d526d141f93180b8e28d7cfbd7db4c821ca81dbf4e2fc91d0
082-2026-10-01.sql	1090e6e0c634f02c677949c7cfbeaf1d25ff4d809baf9a3a2501e33b83a5bf12
082-2026-10-02-2.sql	6ce892a88453b72f2974b7e6a7f6192de4d870833ed0cd569db530ae5f01b51f
082-2026-10-02.sql	c46041d09fc9e3ba6dbaa96c47c3aa75d3b8dff1194b5dae755b9448896b7b12
083-2026-09-29.sql	3c2124f292cbaaf7317d50990a24c5572b1db7d0a97ee8a94443708b866cff35
083-2026-10-01.sql	491db7abe1d9178c0a159209fdaf5ac51230b17c11d515fde9e5b32fc80bbd50
083-2026-10-02.sql	32346990fedf1cbfbd72d381bc3c2ed4bbf28b451787207673be8cdc32bdbc2a
084-2026-09-29.sql	c5e99d0b9950e332aa8fc17666e0b4b3ebea8414654f6f0f01de42dc79e5ad6e
084-2026-10-01.sql	090ddafb64a2b1a5fb6ecf05a5543ed5980dff4f8131f66250a3c110193947e0
084-2026-10-02-2.sql	27b42aaf11aec11d2e8a8abb6dd00f7d0b56c07548998c656aeec8b120a2ba25
084-2026-10-02.sql	bc791d8110aaffd465df2f2d2dff27ae27f1e3f4cf1832765b67b3759ca8ef65
085-2026-09-29.sql	d4e56dfb0784dcf30ea49b7191967bdae7ca18ed15b2065eedcaab8b3d11c63c
085-2026-10-02.sql	31e04113c2b68fb007543d00b9937937cf78c22f626fa4313335b7e42e1948cd
086-2026-09-29.sql	2775ac4731e64cb8483c0139a9e61aefdb2afa627705d1dded1b1ed3570ffc54
086-2026-10-02.sql	8961014f678bf1cc546b9e80855bb5d4ecefde9fb000cbb4c3bfa9c5c6320f75
087-2026-09-29.sql	78b97fb75adc5127fb7fbf2b3f42b13bc6d95339bf051bfc2466519eb21f4a7f
087-2026-10-02.sql	fe9cf1299f38991f9fd7fb0defd9febccbe07216f8759b901d9d27d94e20770a
088-2026-09-29.sql	00bd1a2dd12c30bd41cfceca2d22f9ad22842a9fe15bdbd3d0145211ba21aa6c
089-2026-09-29.sql	d6d0eac6ab1fc29f9abd867038005aec849d063930a8200705868bcc6b6a5940
090+091+092+093+094-2026-09-28.sql	0cbd18a65cd3ebbe5b3e19e5fa3cf00e8497589ca365a8641f8950d6dc64311d
091-2026-10-01.sql	069253f1fa875e6fe2536ec86f800fbe589d60ff628b2d799d4e3c50981d3417
091-2026-10-02.sql	4c0af72608907a1addcf167016ca9434a1f8fdd7d2ebe6bacde1b8ec5e57af7e
092-2026-10-01.sql	ad7e3d0d742af050367bfeda74eae7123a262be2608470edcb51d3646cb35b14
092-2026-10-02.sql	ecd3f6eec7a888fbb66761b875ae2e7fa0987961574a1f824337f23d80266b23
093-2026-10-01.sql	1b76bfe10b1008c3107ac5430dc755ac8afaa21659f5405684889725564cc10a
093-2026-10-02.sql	7ddcc60b1ce990d299cc5c3f82432bf798b577406c94b364a22bb32b87434586
094-2026-10-02-2.sql	b6d9d15fbaef82b67d528092e9ec85ad6f013ffae0fbe2e056436a699a28d2b5
094-2026-10-02.sql	cba6e5031cf751c9f636cd755b3ee00efc0d1cee8c8a3b5cc7b83c84913f5648
095+096+097+098+099+100-2026-09-28.sql	82f7e5227442036863a3f0ae2f7681d26ed8a2ff2f7cc4850a5be945a3d4f475
097-2026-10-02.sql	03d8cd727f0d2698b9fdc6eb6fbc675b897f2a80f89ebde59e4256b45aa1b497
099-2026-10-02-2.sql	95a3987978f7b34f9dd06ad7089c525df2b48866f308a70e8366dd8bc0a09a88
099-2026-10-02.sql	ed60bd937927a33a7679308c3958a39d71f22df2b8357856e8fac7517156053b
100-2026-10-02-2.sql	e10f12dbf6016f38f82fce8dee59b919a8668ff54f222bca4ee0ee7a7ab390eb
100-2026-10-02.sql	1507986f912557c865d498e6beb57b8b62ac35880d780466aa2a4ff3a6e81985
101+102+103+104+105+106-2026-09-29.sql	1f92d93b284c0d2b2f98ffa5b35d960adf7182aa895b16e8c6290bccd9ec0f29
101-2026-10-02.sql	282ee0c66996ce6ad9b4e325c7a7381d606799d789e12b387aded5f40e6a167f
102-2026-09-29-2.sql	47d548777278c8d5cfeaf9070b49bfa1aad24acbb0ef55c6b1fbf36598bb0cb6
102-2026-10-02-2.sql	c8215b71d67775d2961741764315ed9ebd166767c808a2d7b20bc636bda2fa3b
102-2026-10-02.sql	200581bd30c5dcf9c05e2e69bb6e82a26dd2bc29f9b1adfbba5c726b6d3b0a42
103-2026-10-02.sql	b8f43b3e65ed77bda6a1c7f1faf1e9cb587932ff434e458ea2cec5923c5ff372
104-2026-09-29-2.sql	eaa0708cb44b7c276e7574e0d98df609cdc1f994641c08b313473501773d224b
104-2026-10-02.sql	d49f53b03d919830be97378f5311f7f12989a74ff58d0705cc41af92124df2cd
105-2026-10-02.sql	b447f89db5467d76a479d12ec8e09370c550abf1908a627b3c2606f92828397f
106-2026-10-02.sql	b30a4e831f72a53ad47353996990ff29475871bdf5345a2e112474ea4ac96dbb
